Comune	Provincia	Anagrafica_	codice_meccanografico	CAP
ISOLA LIRI	FR	"   IIS ""G.NICOLUCCI""           "	FRIS01600V	03036
POFI	FR	   I.C. POFI                   	FRIC801001	03026
ARCE	FR	   I.C. ARCE - GIOV. PAOLO II  	FRIC81600P	03032
	FR	   IC SGURGOLA                          SGURGOLA           F	FRIC84100B	
ALVITO	FR	   I.O. ALVITO                 	FRIC82000A	03041
ALATRI	FR	   IC ALATRI 2                 	FRIC83800G	03011
LIRI	FR	   I.C. S. G. A LIRI           	FRIC826009	03047
COMINO	FR	   I.C. S. DONATO VAL COMINO   	FRIC81800A	03046
AUSONIA	FR	   I.C. - AUSONIA              	FRIC82400N	03040
ANAGNI	FR	"   CONV.NAZ.""REG.MARGHERITA""                 "	FRVC040009	03012
FERENTINO	FR	"   ITIS ""DON MOROSINI""         "	FRTF06000C	03013
CASALVIERI	FR	   I.C. CASALVIERI             	FRIC819006	03034
SORA	FR	" I.MAG. ""V.GIOBERTI""           "	FRPM06000B	03039
SANT'APOLLINARE	FR	   I.C. S. APOLLINARE          	FRIC80200R	03048
ISOLA	FR	"   ITIS ""R.REGGIO""             "	FRTF03000L	03036
SERRONE	FR	   I.C. SERRONE                	FRIC806004	03010
FROSINONE	FR	" I.MAG. ""F.LLI MACCARI""        "	FRPM020001	03100
AMASENO	FR	   I.C. AMASENO                	FRIC81200B	03021
SORA	FR	"   ITC ""C.BARONIO""             "	FRTD110002	03039
ESPERIA	FR	   I.C. ESPERIA                	FRIC80300L	03046
VEROLI	FR	"   L.SCIENT. ""G.SULPICIO""      "	FRPS03000E	03029
PICO	FR	   I.C. PICO                   	FRIC81500V	03020
ROMA	FR	   I.C. GIULIANO DI ROMA       	FRIC813007	03020
CASTROCIELO	FR	   I.C. CASTROCIELO            	FRIC822002	03030
FROSINONE	FR	"   L.CLASS. ""N.TURRIZIANI""     "	FRPC05000L	03100
CASTELFORTE	LT	 I.O.ISTITUTO COMPRENSIVO      	LTIC825005	04021
TERRACINA	LT	    I.C. B.GO HERMADA             	LTIC82800L	04010
PRIVERNO	LT	    I.I.S. TEODOSIO ROSSI         	LTIS00300C	04015
LATINA	LT	    I.I.S. LATINA                 	LTIS00900B	04100
PONZA	LT	"1   I.O. ""PISACANE""               "	LTIC826001	04027
BIAGIO	LT	"    I.C. MONTE S.""GIOVANNI XXIII""         "	LTIC81900T	04020
FONDI	LT	 PIERO GOBETTI                    	LTPC06000V	04022
FONDI	LT	"    ITC ""L.DE LIBERO""             "	LTTD080003	04022
GAETA	LT	"    L.SCIENT. ""E.FERMI""           "	LTPS100007	04024
FORMIA	LT	" L. CLASS. ""VITRUVIO POLLIONE""    "	LTPC07000D	04023
TORRI IN SABINA	RI	"    I.C. TORRI ""FORUM NOVUM""    "	RIIC80800X	02049
RIETI	RI	"  ITCG ""U.CIANCARELLI""+IPAA   RIETI                       "	RIIS00400R	02100
POGGIO NATIVO	RI	    I.C. POGGIO NATIVO          	RIIC815003	02030
AMATRICE	RI	    I.O. AMATRICE               	RIIC81100Q	02012
POGGIO MOIANO	RI	    I.C. PROF. FERRUCCIO ULIVI  	RIIC81700P	02037
CASPERIA	RI	    I.C. CASPERIA               	RIIC80900Q	02041
SABINA	RI	"    I.C. TORRICELLA IN ""M.POLO""               "	RIIC81000X	02030
FORANO	RI	    I.C. FORANO                 	RIIC814007	02044
ROCCASINIBALDA	RI	    I.C. ROCCASINIBALDA         	RIIC81300B	02026
PETRELLA SALTO	RI	"    I.C. ""GIOVANNI XXIII""       "	RIIC807004	02025
POGGIO MIRTETO	RI	    I.I.S. PIETRO BONFANTE      	RIIS002005	02047
MONTOPOLI IN	RI	    I.C. ENRICO FERMI           	RIIC80500C	02034
LEONESSA	RI	    I.C. LEONESSA               	RIIC806008	02016
VELLETRI	RM	   I.I.S. VIA L.NOVELLI              	RMIS047009	00049
ROMA	RM	   I.I.S.SIBILLA ALERAMO             	RMIS042006	00156
ROMA	RM	"   I.I.S. ""A.DIAZ""                   "	RMIS03700P	00182
ROMA	RM	"   I.I.S. ""V. DI SAPONARA 150""       "	RMIS10300C	00125
ROMA	RM	" IPSCT ""STHENDAL""                    "	RMRC33000C	00189
OLEVANO ROMANO	RM	   I.I.S.RENATO CARTESIO             	RMIS02800X	00035
ROMA	RM	   V I.I.S.V. SARANDI' 11+IPSIE SISTO                                 	RMIS02300R	00139
ROMA	RM	"   I.C. ""AMENDOLA - GUTTUSO""         "	RMIC80200G	00121
ROMA	RM	   I.I.S.VIA LUISA DI SAVOIA, 14     	RMIS00700V	00196
ROMA	RM	"   I.C. ""ELSA MORANTE""               "	RMIC805003	00153
ROMA	RM	   IIS V. DI BRAVETTA 541            	RMIS04100A	00164
COLONNA	RM	"   I.C.""TIBERIO GULLUNI""             "	RMIC8AA00A	00030
ROMA	RM	"   ITIS ""A.EINSTEIN""                 "	RMTF25000A	00168
ARTENA	RM	"   I.C. ""SERANGELI""                  "	RMIC8AR00D	00031
GENAZZANO	RM	"   I.C. ""G.GARIBALDI""                "	RMIC8AD00T	00030
TOLFA	RM	   I.C. TOLFA                        	RMIC89400P	00059
POMEZIA	RM	   I.I.S. LARGO BRODOLINI, S.N.C.    	RMIS08800G	00040
BRACCIANO	RM	   I.I.S.LUCA PACIOLO                	RMIS048005	00062
ROMA	RM	"   I.I.S.""CARTESIO - LUXEMBURG""      "	RMIS01100E	00168
ROMA	RM	"   I.C. ""PADRE R. FORMATO""           "	RMIC80300B	00134
ROMA	RM	" IPSCT ""L.EINAUDI""                   "	RMRC06000N	00165
ANZIO	RM	 LC CHRIS CAPPELL COLLEGE            	RMPC41000C	00042
ROMA	RM	"   ITC ""V.BACHELET""                  "	RMTD41000B	00166
POLI	RM	   I.C. POLI                         	RMIC88800B	00010
ROMA	RM	"   ITN ""M.COLONNA""                   "	RMTH01000N	00146
ALBANO LAZIALE	RM	"    I.I.S. ""VIA DELLA STELLA""     "	RMIS08600X	00041
TIVOLI	RM	" CONV. NAZ. ""A.DI SAVOIA""         "	RMVC02000V	00019
AFFILE	RM	"    I.C.""GIOVANNI PAOLO II""       "	RMIC8BE008	00021
PALESTRINA	RM	"    ITCG ""L.LUZZATTI""             "	RMTD17000C	00036
ALLUMIERE	RM	"    I.C. ""V. DEL FAGGETO""         "	RMIC89500E	00051
SAN VITO ROMANO	RM	    I.C. S. VITO                  	RMIC8AN002	00030
ROMA	RM	" L.CLASS. ""PLAUTO""                "	RMPC21000P	00128
FRASCATI	RM	" L.CLASS. ""M.T.CICERONE""          "	RMPC29000G	00044
ACQUAPENDENTE	VT	   ACQUAPENDENTE               	VTIS01100L	01021
