Link,URL,CITTÀ   ,PROVINCIA   ,REGIONE   ,DIRIGENTE   
"ITIS ""Ettore Maiorana""",http://www.majoranabrindisi.it,BRINDISI,BR,Puglia,Salvatore Giuliano
"ITIS ""Fermi""",http://www.itef-isernia.it/,ISERNIA,IS,Lazio,Giancarlo Carmosino
"ISIS ""Giannone""",http://iisgiannone.it/,SAN MARCO IN LAMIS,FG,Puglia,Antonio Cera
"ISIS ""Carlo Anti""",http://www.carloanti.net/,VILLAFRANCA DI VERONA,VR,Veneto,Claudio Pardini
"IIS ""L. da Vinci""",http://www.liceoarzignano.it/,ARZIGNANO,VI,Veneto,Eleonora Luciana Schiavo
"IIS ""Bertacchi""",http://www.bertacchi.it/,LECCO,LC,Lombardia,Ugo Baglivo
"ITIS ""Fermi""",http://www.itisff.it/,FRANCAVILLA FONTANA,BR,Puglia,Giovanni Semeraro
"ITIS ""Buzzi""",http://www.itistulliobuzzi.it/,PRATO,PO,Toscana,Erminio Serniotti
I.T.S. Pier Luigi Nervi,http://www.itgnervi.it/,BARLETTA,BT,Puglia,Roberto Tarantino
"IIIS ""V.Capirola""",http://www1.popolis.it/capirola/sito/,LENO,BS,Lombardia,Ermelina Ravelli
"ITCG ""Maggiolini""",http://www.itcgmaggiolini.it/,PARABIAGO,MI,Lombardia,DanielaLazzati
"ITC ""Enrico Tosi""",http://www.itctosi.va.it/,BUSTO ARSIZIO,VA,Lombardia,Angela Nadia Cattaneo
"ISIS ""Dalla Chiesa""",http://www.dallachiesa.it/,MONTEFIASCONE,VT,Lazio,Maria Rita Salvi
"IISS ""Volterrra-Elia""",http://www.itisancona.it/,ANCONA,AN,Marche,Patrizia Cuppini
"IIS ""Scarambone""",http://www.scarambone.it/,LECCE,LE,Puglia,Dario Cillo
"IIS ""I. Newton""",http://www.isisvarese.it//,VARESE,VA,Lombardia,Elena Vaj
"ITC ""Calabretta""",http://www.itcapsov.it/,SOVERATO,CZ,Calabria,Mario Cosco
"ITIS ""Malignani""",http://www.malignani.ud.it/,UDINE,UD,Friuli Venezia Giulia,Ester Iannis
"IIS ""Paolo Frisi""",http://www.ipsfrisi.it/portale/,MILANO,MI,Lombardia,Luca Azzollini
"LICEO CLASSICO ""S.M.Legnani""",http://www.liceolegnani.it/,SARONNO,VA,Lombardia,Giuseppe Fantoni
IIS D'Adda,http://www.valsesiascuole.it/isvarallo/,VARALLO SESIA,VC,Piemonte,Mauro Agarla
"ITCG ""Tomasi di Lampedusa""",http://www.itcgsantagata.it/,SANT'AGATA MILITELLO,ME,Sicilia,Francesco Sciapari
"ISI ""S. Pertini""",http://www.pertini.lucca.gov.it/,LUCCA,LU,Toscana,Daniela Venturi
"IIS ""S. Pertini""",http://www.istruzionesuperiore.it/,ALATRI,FR,Lazio,Annamaria Greco
LICEO SCIENTIFICO E CLASSICO,http://www.liceocisterna.it/,CISTERNA DI LATINA,LT,Lazio,Pasquale Giunta
"ITIS ""Majorana""",http://www.itismajorana.gov.it/,MARTINA FRANCA,TA,Puglia,Anna Caroli
"ITCS ""E. Bona""",http://www.itcbona.biella.it,BIELLA,BI,Piemonte,Gianluca Spagnolo
"ISTITUTO MAGISTRALE ""V. Gassman""",http://www.liceovittoriogassman.org,ROMA,RM,Lazio,Collarino Filomena
"LICEO ""Giuliano della Rovere""",http://www.liceodellarovere.it,SAVONA,SV,LIGURIA,Gabriella Rosso
"IPSIA ""L. Santarella""",http://www.ipsiasantarella.it,BARI,BA,Puglia,Carlo De Nitti
"ISIS ""Leonardo da Vinci""",http://www.iissleonardodavinci.it/,ACQUAPENDENTE,VT,Lazio,Maria Rita Salvi
"LICEO SCIENTIFICO ""Enrico Fermi""",http://www.liceofermics.gov.it/portale/,COSENZA,CS,Calabria,Michela Bilotta
"IIS ""Ferraris - Brunelleschi""",http://www.iisferraris.it/,EMPOLI,FI,Toscana,Daniela Mancini
"IPSSAR ""G. Casini""",http://www.alberghierocasini.it/,LA SPEZIA,SP,Liguria,Maria Torre
"I.I.S. ""Scalcerle""",http://www.istituto-scalcerle.it/,PADOVA,PD,Veneto,Giulio Pavanini
IST. D'ISTRUZ. SUPERIORE IITCG PATTI BORGHESE,http://www.itborghesepatti.it/,PATTI,ME,Sicilia,Francesca Buta
"ITCG ""E. Fermi""",http://www.itcgfermi.it/,PONTEDERA,PI,Toscana,Cristina Cosci
"I.I.S. ""C. Rosatelli""",http://www.rosatelli.it,RIETI,RI,LAZIO,Daniela Mariantoni
"I.I.S. ""Via Sarandi'""",http://www.iisviasarandi.it/,ROMA,RM,Lazio,Anna Messinese
"ISISS ""di Saviano""",http://www.istpolisaviano.it/,SAVIANO,NA,Campania,Domenico Ceccone
"IIS ""Savoia - Benincasa""",http://www.savoiabenincasa.it/,ANCONA,AN,Marche,Alessandra Rucci
"IIS ""A. Volta""",http://www.voltafr.it/,FROSINONE,FR,Lazio,Eleonora Lofrese
I.C. Fossola Gentili,http://www.iccarrara4.net/,CARRARA,MS,Toscana,Diana Marchini
I.C. Centro Storico di Lucca,http://www.scuolasanponziano.eu/index.php,LUCCA,,TOSCANA,Giovanni Testa
"SCUOLA SECONDARIA 1 grado ""Carlo Levi""",http://www.carloleviscampia.it/,SCAMPIA,NA,CAMPANIA,Rosalba Rotondo
"I.I.S.S. L.C. ""Morea"" IPSS ""De Lilla""",http://www.iissmoreadelilla.gov.it,CONVERSANO,BA,Puglia,Andrea D'Elia
"LICEO  ""Regina Elena""",http://www.liceoreginaelena.gov.it/,ACIREALE,CT,SICILIA,Sebastiano Raciti
"LICEO STATALE  ""Scipione Maffei""",http://www.liceomaffeivr.it/sito/index.php,VERONA,VR,Veneto,Mauro Murino
"IS ""Serafino Riva""",http://www.istitutoriva.it/,SARNICO,BG,Lombardia,Rosa Romana Marchetti
"ISIS ""Andrea Ponti""",http://isisgallarate.it/,GALLARATE,VA,Lombardia,Anna Scaltritti
"I.I.S. ""G.  Oberdan""",http://www.oberdan.it/,TREVIGLIO,BG,Lombardia,Bertolini Maria Gloria
"I.C. ""Beato Contardo Ferrini""",http://www.scuoleolgiate.gov.it/,OLGIATE OLONA,VA,Lombardia,Maria Alberta Vignati
"I.C.  ""Perotti - Ruffo""",http://www.iccassanodellemurge.it/,CASSANO DELLE MURGE,BA,Puglia,Maria Rosa Annoscia
ISTITUTO D'ARTE CHIERICI,http://www.liceochierici.re.it/,REGGIO EMILIA,RE,Emilia Romagna,Maria Grazia Diana
"I.I.S.S. ""V. Bachelet  G. Galilei""",HTTP://www.bais013002.scuolanet.info,GRAVINA DI PUGLIA,BA,Puglia,Antonella Sarpi
"IIS ""Antonio Bello""",http://www.iissmonsbello.it/,MOLFETTA,BA,Puglia,Sante Sabatiello
"IC ""Carrara e paesi a monte""",http://www.primocircolocarrara.it,CARRARA,MS,Toscana,Luciana Ceccarelli
"ISIS ""De Gruttola""",http://www.iisdegruttola.it/,ARIANO IRPINO,AV,Camapnia,Maria Teresa Cipriano
"L.S. ""Da Vinci""  L.C. ""Pascoli""",http://www.liceogallarate.it/,GALLARATE,VA,Lombardia,Luisella Macchi
"Liceo Statale ""Elonora  D'arborea""",http://www.liceoeleonora.it/,CAGLIARI,CA,Sardegna,Antonio Piredda
SECONDO ISTITUTO COMPRENSIVO,http://www.secondocomprensivofrancavillafontana.gov.it,FRANCAVILLA FONTANA,BR,Puglia,Tiziano Fattizzo
"DIREZIONE DIDATTICA ""Carrara 3""",http://terzocircolocarrara.weebly.com/index.html,AVENZA,,Toscana,Marta Castagna
"IIS ""Federico Caffè""",http://www.federicocaffe.com/,ROMA,RM,LAZIO,Marina Pacetti
"I.C. ""G. LOMBARDO RADICE""",http://www.lombardoradice.gov.it/,CALTANISSETTA,CL,Sicilia,Bernardina Ginevra
"IIS ITC ""F.P. Merendino""",http://www.itcgmerendino.it/,CAPO D' ORLANDO,ME,Sicilia,Antonino Musca
"IIS ""Petrucci_Ferraris_Maresca""",http://www.itg-cz.it/,CATANZARO,CZ,Calabria,Francesca Bianco
"ISIS ""Pitagora""",http://www.ipsiapitagora.org/,POLICORO,MT,Basilicata,Angelo Castronuovo
"IC ""Card. Agostino Casaroli""",http://nuke.comprensivo-csg.info/,CASTEL SAN GIOVANNI,PC,Emilia Romagna,Maurizio Albertini
ITCGT G. Salvemini,http://www.itcg-salvemini.com/,MOLFETTA,BA,Puglia,Sabino Lafasciano
"LICEO ARTISTICO ""G. C. Argan""",http://www.liceoargan.it/index.html,ROMA,RM,Lazio,Anna Messinese
"ITI-LICEO SCIENTIFICO ""Mattei""",http://www.itivasto.it/,VASTO,CH,ABRUZZO,Rocco Ciafarone
"LICEO CLASSICO ""A. Gramsci""",http://www.liceogramsciolbia.it/,OLBIA,SS,SARDEGNA,Elisa Mantovani
"ISIS ""Capizzi""",http://www.iscapizzi.gov.it/www2/,BRONTE,CT,Sicilia,Grazia Emmanuele
"LICEO SCIENTIFICO ""Labriola""",http://www.liceolabriola.it/Sito/,ROMA LIDO,RM,Lazio,Ottavio Fattorini